-- Complete Database Seeding Script for Bus Booking System
-- Execute this script directly in PostgreSQL to populate all tables with mock data

-- 1. Insert Users (50 records)
INSERT INTO users (id, "googleId", email, name, phone, password_hash, role, created_at) VALUES
('00000000-0000-4000-8000-000000000001', 'google_1', 'user1@example.com', 'Admin User', '+15550000001', '$2b$10$hashedpassword1', 'admin', NOW() - INTERVAL '300 days'),
('00000000-0000-4000-8000-000000000002', 'google_2', 'user2@example.com', 'Operator User', '+15550000002', '$2b$10$hashedpassword2', 'admin', NOW() - INTERVAL '250 days'),
('00000000-0000-4000-8000-000000000003', NULL, 'user3@example.com', 'John Smith', '+15550000003', '$2b$10$hashedpassword3', 'operator', NOW() - INTERVAL '200 days'),
('00000000-0000-4000-8000-000000000004', NULL, 'user4@example.com', 'Jane Doe', '+15550000004', '$2b$10$hashedpassword4', 'operator', NOW() - INTERVAL '180 days'),
('00000000-0000-4000-8000-000000000005', NULL, 'user5@example.com', 'Mike Wilson', '+15550000005', '$2b$10$hashedpassword5', 'operator', NOW() - INTERVAL '150 days'),
('00000000-0000-4000-8000-000000000006', 'google_6', 'user6@example.com', 'Sarah Johnson', '+15550000006', '$2b$10$hashedpassword6', 'customer', NOW() - INTERVAL '120 days'),
('00000000-0000-4000-8000-000000000007', 'google_7', 'user7@example.com', 'David Brown', '+15550000007', '$2b$10$hashedpassword7', 'customer', NOW() - INTERVAL '100 days'),
('00000000-0000-4000-8000-000000000008', 'google_8', 'user8@example.com', 'Lisa Garcia', '+15550000008', '$2b$10$hashedpassword8', 'customer', NOW() - INTERVAL '90 days'),
('00000000-0000-4000-8000-000000000009', 'google_9', 'user9@example.com', 'Robert Miller', '+15550000009', '$2b$10$hashedpassword9', 'customer', NOW() - INTERVAL '80 days'),
('00000000-0000-4000-8000-000000000010', 'google_10', 'user10@example.com', 'Emma Davis', '+15550000010', '$2b$10$hashedpassword10', 'customer', NOW() - INTERVAL '70 days'),
('00000000-0000-4000-8000-000000000011', NULL, 'user11@example.com', 'James Rodriguez', '+15550000011', '$2b$10$hashedpassword11', 'customer', NOW() - INTERVAL '60 days'),
('00000000-0000-4000-8000-000000000012', NULL, 'user12@example.com', 'Anna Martinez', '+15550000012', '$2b$10$hashedpassword12', 'customer', NOW() - INTERVAL '50 days'),
('00000000-0000-4000-8000-000000000013', NULL, 'user13@example.com', 'Kevin Lee', '+15550000013', '$2b$10$hashedpassword13', 'customer', NOW() - INTERVAL '45 days'),
('00000000-0000-4000-8000-000000000014', NULL, 'user14@example.com', 'Michelle Taylor', '+15550000014', '$2b$10$hashedpassword14', 'customer', NOW() - INTERVAL '40 days'),
('00000000-0000-4000-8000-000000000015', NULL, 'user15@example.com', 'Christopher Anderson', '+15550000015', '$2b$10$hashedpassword15', 'customer', NOW() - INTERVAL '35 days'),
('00000000-0000-4000-8000-000000000016', NULL, 'user16@example.com', 'Ashley Thomas', '+15550000016', '$2b$10$hashedpassword16', 'customer', NOW() - INTERVAL '30 days'),
('00000000-0000-4000-8000-000000000017', NULL, 'user17@example.com', 'Matthew Jackson', '+15550000017', '$2b$10$hashedpassword17', 'customer', NOW() - INTERVAL '25 days'),
('00000000-0000-4000-8000-000000000018', NULL, 'user18@example.com', 'Amanda White', '+15550000018', '$2b$10$hashedpassword18', 'customer', NOW() - INTERVAL '20 days'),
('00000000-0000-4000-8000-000000000019', NULL, 'user19@example.com', 'Daniel Harris', '+15550000019', '$2b$10$hashedpassword19', 'customer', NOW() - INTERVAL '15 days'),
('00000000-0000-4000-8000-000000000020', NULL, 'user20@example.com', 'Nicole Martin', '+15550000020', '$2b$10$hashedpassword20', 'customer', NOW() - INTERVAL '10 days'),
('00000000-0000-4000-8000-000000000021', NULL, 'user21@example.com', 'Ryan Thompson', '+15550000021', '$2b$10$hashedpassword21', 'customer', NOW() - INTERVAL '9 days'),
('00000000-0000-4000-8000-000000000022', NULL, 'user22@example.com', 'Stephanie Garcia', '+15550000022', '$2b$10$hashedpassword22', 'customer', NOW() - INTERVAL '8 days'),
('00000000-0000-4000-8000-000000000023', NULL, 'user23@example.com', 'Brandon Martinez', '+15550000023', '$2b$10$hashedpassword23', 'customer', NOW() - INTERVAL '7 days'),
('00000000-0000-4000-8000-000000000024', NULL, 'user24@example.com', 'Jennifer Robinson', '+15550000024', '$2b$10$hashedpassword24', 'customer', NOW() - INTERVAL '6 days'),
('00000000-0000-4000-8000-000000000025', NULL, 'user25@example.com', 'Tyler Clark', '+15550000025', '$2b$10$hashedpassword25', 'customer', NOW() - INTERVAL '5 days'),
('00000000-0000-4000-8000-000000000026', NULL, 'user26@example.com', 'Rachel Rodriguez', '+15550000026', '$2b$10$hashedpassword26', 'customer', NOW() - INTERVAL '4 days'),
('00000000-0000-4000-8000-000000000027', NULL, 'user27@example.com', 'Justin Lewis', '+15550000027', '$2b$10$hashedpassword27', 'customer', NOW() - INTERVAL '3 days'),
('00000000-0000-4000-8000-000000000028', NULL, 'user28@example.com', 'Samantha Lee', '+15550000028', '$2b$10$hashedpassword28', 'customer', NOW() - INTERVAL '2 days'),
('00000000-0000-4000-8000-000000000029', NULL, 'user29@example.com', 'Austin Walker', '+15550000029', '$2b$10$hashedpassword29', 'customer', NOW() - INTERVAL '1 days'),
('00000000-0000-4000-8000-000000000030', NULL, 'user30@example.com', 'Crystal Hall', '+15550000030', '$2b$10$hashedpassword30', 'customer', NOW() - INTERVAL '12 hours'),
('00000000-0000-4000-8000-000000000031', NULL, 'user31@example.com', 'Steven Allen', '+15550000031', '$2b$10$hashedpassword31', 'customer', NOW() - INTERVAL '6 hours'),
('00000000-0000-4000-8000-000000000032', NULL, 'user32@example.com', 'Melissa Young', '+15550000032', '$2b$10$hashedpassword32', 'customer', NOW() - INTERVAL '3 hours'),
('00000000-0000-4000-8000-000000000033', NULL, 'user33@example.com', 'Brian Hernandez', '+15550000033', '$2b$10$hashedpassword33', 'customer', NOW() - INTERVAL '2 hours'),
('00000000-0000-4000-8000-000000000034', NULL, 'user34@example.com', 'Kimberly King', '+15550000034', '$2b$10$hashedpassword34', 'customer', NOW() - INTERVAL '1 hours'),
('00000000-0000-4000-8000-000000000035', NULL, 'user35@example.com', 'Eric Wright', '+15550000035', '$2b$10$hashedpassword35', 'customer', NOW() - INTERVAL '30 minutes'),
('00000000-0000-4000-8000-000000000036', NULL, 'user36@example.com', 'Angela Lopez', '+15550000036', '$2b$10$hashedpassword36', 'customer', NOW() - INTERVAL '15 minutes'),
('00000000-0000-4000-8000-000000000037', NULL, 'user37@example.com', 'Jonathan Hill', '+15550000037', '$2b$10$hashedpassword37', 'customer', NOW() - INTERVAL '10 minutes'),
('00000000-0000-4000-8000-000000000038', NULL, 'user38@example.com', 'Courtney Scott', '+15550000038', '$2b$10$hashedpassword38', 'customer', NOW() - INTERVAL '5 minutes'),
('00000000-0000-4000-8000-000000000039', NULL, 'user39@example.com', 'Nicholas Green', '+15550000039', '$2b$10$hashedpassword39', 'customer', NOW() - INTERVAL '3 minutes'),
('00000000-0000-4000-8000-000000000040', NULL, 'user40@example.com', 'Heather Adams', '+15550000040', '$2b$10$hashedpassword40', 'customer', NOW() - INTERVAL '1 minutes'),
('00000000-0000-4000-8000-000000000041', NULL, 'user41@example.com', 'Gregory Baker', NULL, '$2b$10$hashedpassword41', 'customer', NOW() - INTERVAL '30 seconds'),
('00000000-0000-4000-8000-000000000042', NULL, 'user42@example.com', 'Rebecca Gonzalez', NULL, '$2b$10$hashedpassword42', 'customer', NOW()),
('00000000-0000-4000-8000-000000000043', NULL, 'user43@example.com', 'Paul Nelson', NULL, '$2b$10$hashedpassword43', 'customer', NOW()),
('00000000-0000-4000-8000-000000000044', NULL, 'user44@example.com', 'Shannon Carter', NULL, '$2b$10$hashedpassword44', 'customer', NOW()),
('00000000-0000-4000-8000-000000000045', NULL, 'user45@example.com', 'Harold Mitchell', NULL, '$2b$10$hashedpassword45', 'customer', NOW()),
('00000000-0000-4000-8000-000000000046', NULL, 'user46@example.com', 'Diana Perez', NULL, '$2b$10$hashedpassword46', 'customer', NOW()),
('00000000-0000-4000-8000-000000000047', NULL, 'user47@example.com', 'Wayne Roberts', NULL, '$2b$10$hashedpassword47', 'customer', NOW()),
('00000000-0000-4000-8000-000000000048', NULL, 'user48@example.com', 'Jacqueline Turner', NULL, '$2b$10$hashedpassword48', 'customer', NOW()),
('00000000-0000-4000-8000-000000000049', NULL, 'user49@example.com', 'Ralph Phillips', NULL, '$2b$10$hashedpassword49', 'customer', NOW()),
('00000000-0000-4000-8000-000000000050', NULL, 'user50@example.com', 'Gloria Campbell', NULL, '$2b$10$hashedpassword50', 'customer', NOW());

-- 2. Insert Operators (20 records)
INSERT INTO operators (id, name, contact_email, contact_phone, status, approved_at) VALUES
('10000000-0000-4000-8000-000000000001', 'Metro Bus Lines', 'contact1@metrobuslines.com', '+15551010000', 'approved', NOW() - INTERVAL '150 days'),
('10000000-0000-4000-8000-000000000002', 'City Transit Co', 'contact2@citytransitco.com', '+15551020000', 'approved', NOW() - INTERVAL '140 days'),
('10000000-0000-4000-8000-000000000003', 'Express Travel', 'contact3@expresstravel.com', '+15551030000', 'approved', NOW() - INTERVAL '130 days'),
('10000000-0000-4000-8000-000000000004', 'Golden Bus Service', 'contact4@goldenbusservice.com', '+15551040000', 'approved', NOW() - INTERVAL '120 days'),
('10000000-0000-4000-8000-000000000005', 'Swift Transport', 'contact5@swifttransport.com', '+15551050000', 'approved', NOW() - INTERVAL '110 days'),
('10000000-0000-4000-8000-000000000006', 'Premier Coaches', 'contact6@premiercoaches.com', '+15551060000', 'approved', NOW() - INTERVAL '100 days'),
('10000000-0000-4000-8000-000000000007', 'Royal Transit', 'contact7@royaltransit.com', '+15551070000', 'approved', NOW() - INTERVAL '90 days'),
('10000000-0000-4000-8000-000000000008', 'Atlantic Buses', 'contact8@atlanticbuses.com', '+15551080000', 'approved', NOW() - INTERVAL '80 days'),
('10000000-0000-4000-8000-000000000009', 'Pacific Tours', 'contact9@pacifictours.com', '+15551090000', 'approved', NOW() - INTERVAL '70 days'),
('10000000-0000-4000-8000-000000000010', 'Mountain Express', 'contact10@mountainexpress.com', '+15551100000', 'approved', NOW() - INTERVAL '60 days'),
('10000000-0000-4000-8000-000000000011', 'Valley Transport', 'contact11@valleytransport.com', '+15551110000', 'approved', NOW() - INTERVAL '50 days'),
('10000000-0000-4000-8000-000000000012', 'Coastal Lines', 'contact12@coastallines.com', '+15551120000', 'approved', NOW() - INTERVAL '40 days'),
('10000000-0000-4000-8000-000000000013', 'Desert Runners', 'contact13@desertrunners.com', '+15551130000', 'approved', NOW() - INTERVAL '30 days'),
('10000000-0000-4000-8000-000000000014', 'Urban Mobility', 'contact14@urbanmobility.com', '+15551140000', 'approved', NOW() - INTERVAL '20 days'),
('10000000-0000-4000-8000-000000000015', 'Highway Express', 'contact15@highwayexpress.com', '+15551150000', 'approved', NOW() - INTERVAL '10 days'),
('10000000-0000-4000-8000-000000000016', 'Regional Transit', 'contact16@regionaltransit.com', '+15551160000', 'pending', NULL),
('10000000-0000-4000-8000-000000000017', 'Inter-City Lines', 'contact17@intercitylines.com', '+15551170000', 'pending', NULL),
('10000000-0000-4000-8000-000000000018', 'National Bus Co', 'contact18@nationalbusco.com', '+15551180000', 'pending', NULL),
('10000000-0000-4000-8000-000000000019', 'Local Transport', 'contact19@localtransport.com', '+15551190000', 'suspended', NULL),
('10000000-0000-4000-8000-000000000020', 'Cross Country', 'contact20@crosscountry.com', '+15551200000', 'suspended', NULL);

-- 3. Insert Routes (30 records)
INSERT INTO routes (id, operator_id, name, description, origin, destination, distance_km, estimated_minutes, is_active, amenities, "createdAt", "updatedAt") VALUES
('20000000-0000-4000-8000-000000000001', '10000000-0000-4000-8000-000000000001', 'Route 1: New York to Los Angeles', 'New York to Los Angeles', 'New York', 'Los Angeles', 250.50, 375, true, '{}', NOW() - INTERVAL '180 days', NOW() - INTERVAL '10 days'),
('20000000-0000-4000-8000-000000000002', '10000000-0000-4000-8000-000000000002', 'Route 2: Los Angeles to Chicago', 'Los Angeles to Chicago', 'Los Angeles', 'Chicago', 450.50, 675, true, '{}', NOW() - INTERVAL '170 days', NOW() - INTERVAL '15 days'),
('20000000-0000-4000-8000-000000000003', '10000000-0000-4000-8000-000000000003', 'Route 3: Chicago to Houston', 'Chicago to Houston', 'Chicago', 'Houston', 320.50, 480, true, '{}', NOW() - INTERVAL '160 days', NOW() - INTERVAL '5 days'),
('20000000-0000-4000-8000-000000000004', '10000000-0000-4000-8000-000000000004', 'Route 4: Houston to Phoenix', 'Houston to Phoenix', 'Houston', 'Phoenix', 380.50, 570, true, '{}', NOW() - INTERVAL '150 days', NOW() - INTERVAL '20 days'),
('20000000-0000-4000-8000-000000000005', '10000000-0000-4000-8000-000000000005', 'Route 5: Phoenix to Philadelphia', 'Phoenix to Philadelphia', 'Phoenix', 'Philadelphia', 420.50, 630, true, '{}', NOW() - INTERVAL '140 days', NOW() - INTERVAL '8 days'),
('20000000-0000-4000-8000-000000000006', '10000000-0000-4000-8000-000000000006', 'Route 6: Philadelphia to San Antonio', 'Philadelphia to San Antonio', 'Philadelphia', 'San Antonio', 290.50, 435, true, '{}', NOW() - INTERVAL '130 days', NOW() - INTERVAL '12 days'),
('20000000-0000-4000-8000-000000000007', '10000000-0000-4000-8000-000000000007', 'Route 7: San Antonio to San Diego', 'San Antonio to San Diego', 'San Antonio', 'San Diego', 360.50, 540, true, '{}', NOW() - INTERVAL '120 days', NOW() - INTERVAL '18 days'),
('20000000-0000-4000-8000-000000000008', '10000000-0000-4000-8000-000000000008', 'Route 8: San Diego to Dallas', 'San Diego to Dallas', 'San Diego', 'Dallas', 480.50, 720, true, '{}', NOW() - INTERVAL '110 days', NOW() - INTERVAL '25 days'),
('20000000-0000-4000-8000-000000000009', '10000000-0000-4000-8000-000000000009', 'Route 9: Dallas to San Jose', 'Dallas to San Jose', 'Dallas', 'San Jose', 340.50, 510, true, '{}', NOW() - INTERVAL '100 days', NOW() - INTERVAL '6 days'),
('20000000-0000-4000-8000-000000000010', '10000000-0000-4000-8000-000000000010', 'Route 10: San Jose to Austin', 'San Jose to Austin', 'San Jose', 'Austin', 510.50, 765, true, '{}', NOW() - INTERVAL '90 days', NOW() - INTERVAL '14 days'),
('20000000-0000-4000-8000-000000000011', '10000000-0000-4000-8000-000000000011', 'Route 11: Austin to Jacksonville', 'Austin to Jacksonville', 'Austin', 'Jacksonville', 280.50, 420, true, '{}', NOW() - INTERVAL '80 days', NOW() - INTERVAL '22 days'),
('20000000-0000-4000-8000-000000000012', '10000000-0000-4000-8000-000000000012', 'Route 12: Jacksonville to Fort Worth', 'Jacksonville to Fort Worth', 'Jacksonville', 'Fort Worth', 390.50, 585, true, '{}', NOW() - INTERVAL '70 days', NOW() - INTERVAL '9 days'),
('20000000-0000-4000-8000-000000000013', '10000000-0000-4000-8000-000000000013', 'Route 13: Fort Worth to Columbus', 'Fort Worth to Columbus', 'Fort Worth', 'Columbus', 440.50, 660, true, '{}', NOW() - INTERVAL '60 days', NOW() - INTERVAL '16 days'),
('20000000-0000-4000-8000-000000000014', '10000000-0000-4000-8000-000000000014', 'Route 14: Columbus to Charlotte', 'Columbus to Charlotte', 'Columbus', 'Charlotte', 270.50, 405, true, '{}', NOW() - INTERVAL '50 days', NOW() - INTERVAL '11 days'),
('20000000-0000-4000-8000-000000000015', '10000000-0000-4000-8000-000000000015', 'Route 15: Charlotte to San Francisco', 'Charlotte to San Francisco', 'Charlotte', 'San Francisco', 520.50, 780, true, '{}', NOW() - INTERVAL '40 days', NOW() - INTERVAL '19 days'),
('20000000-0000-4000-8000-000000000016', '10000000-0000-4000-8000-000000000001', 'Route 16: San Francisco to Indianapolis', 'San Francisco to Indianapolis', 'San Francisco', 'Indianapolis', 310.50, 465, true, '{}', NOW() - INTERVAL '35 days', NOW() - INTERVAL '7 days'),
('20000000-0000-4000-8000-000000000017', '10000000-0000-4000-8000-000000000002', 'Route 17: Indianapolis to Seattle', 'Indianapolis to Seattle', 'Indianapolis', 'Seattle', 490.50, 735, true, '{}', NOW() - INTERVAL '30 days', NOW() - INTERVAL '13 days'),
('20000000-0000-4000-8000-000000000018', '10000000-0000-4000-8000-000000000003', 'Route 18: Seattle to Denver', 'Seattle to Denver', 'Seattle', 'Denver', 370.50, 555, true, '{}', NOW() - INTERVAL '25 days', NOW() - INTERVAL '21 days'),
('20000000-0000-4000-8000-000000000019', '10000000-0000-4000-8000-000000000004', 'Route 19: Denver to Washington DC', 'Denver to Washington DC', 'Denver', 'Washington DC', 430.50, 645, true, '{}', NOW() - INTERVAL '20 days', NOW() - INTERVAL '4 days'),
('20000000-0000-4000-8000-000000000020', '10000000-0000-4000-8000-000000000005', 'Route 20: Washington DC to Boston', 'Washington DC to Boston', 'Washington DC', 'Boston', 300.50, 450, true, '{}', NOW() - INTERVAL '15 days', NOW() - INTERVAL '17 days'),
('20000000-0000-4000-8000-000000000021', '10000000-0000-4000-8000-000000000006', 'Route 21: Boston to El Paso', 'Boston to El Paso', 'Boston', 'El Paso', 350.50, 525, true, '{}', NOW() - INTERVAL '12 days', NOW() - INTERVAL '23 days'),
('20000000-0000-4000-8000-000000000022', '10000000-0000-4000-8000-000000000007', 'Route 22: El Paso to Detroit', 'El Paso to Detroit', 'El Paso', 'Detroit', 460.50, 690, true, '{}', NOW() - INTERVAL '10 days', NOW() - INTERVAL '8 days'),
('20000000-0000-4000-8000-000000000023', '10000000-0000-4000-8000-000000000008', 'Route 23: Detroit to Nashville', 'Detroit to Nashville', 'Detroit', 'Nashville', 260.50, 390, true, '{}', NOW() - INTERVAL '8 days', NOW() - INTERVAL '15 days'),
('20000000-0000-4000-8000-000000000024', '10000000-0000-4000-8000-000000000009', 'Route 24: Nashville to Portland', 'Nashville to Portland', 'Nashville', 'Portland', 540.50, 810, true, '{}', NOW() - INTERVAL '6 days', NOW() - INTERVAL '12 days'),
('20000000-0000-4000-8000-000000000025', '10000000-0000-4000-8000-000000000010', 'Route 25: Portland to Memphis', 'Portland to Memphis', 'Portland', 'Memphis', 220.50, 330, true, '{}', NOW() - INTERVAL '5 days', NOW() - INTERVAL '24 days'),
('20000000-0000-4000-8000-000000000026', '10000000-0000-4000-8000-000000000011', 'Route 26: Memphis to Oklahoma City', 'Memphis to Oklahoma City', 'Memphis', 'Oklahoma City', 410.50, 615, true, '{}', NOW() - INTERVAL '4 days', NOW() - INTERVAL '18 days'),
('20000000-0000-4000-8000-000000000027', '10000000-0000-4000-8000-000000000012', 'Route 27: Oklahoma City to Las Vegas', 'Oklahoma City to Las Vegas', 'Oklahoma City', 'Las Vegas', 480.50, 720, true, '{}', NOW() - INTERVAL '3 days', NOW() - INTERVAL '9 days'),
('20000000-0000-4000-8000-000000000028', '10000000-0000-4000-8000-000000000013', 'Route 28: Las Vegas to Louisville', 'Las Vegas to Louisville', 'Las Vegas', 'Louisville', 330.50, 495, true, '{}', NOW() - INTERVAL '2 days', NOW() - INTERVAL '26 days'),
('20000000-0000-4000-8000-000000000029', '10000000-0000-4000-8000-000000000014', 'Route 29: Louisville to Baltimore', 'Louisville to Baltimore', 'Louisville', 'Baltimore', 400.50, 600, true, '{}', NOW() - INTERVAL '1 days', NOW() - INTERVAL '5 days'),
('20000000-0000-4000-8000-000000000030', '10000000-0000-4000-8000-000000000015', 'Route 30: Baltimore to New York', 'Baltimore to New York', 'Baltimore', 'New York', 190.50, 285, true, '{}', NOW(), NOW() - INTERVAL '2 hours');

-- 4. Insert Buses (40 records)
INSERT INTO buses (id, operator_id, plate_number, model, seat_capacity, amenities_json) VALUES
('30000000-0000-4000-8000-000000000001', '10000000-0000-4000-8000-000000000001', 'BUS0001', 'Mercedes Sprinter', 24, '{"wifi": true, "ac": true, "usb_ports": true, "restroom": false}'),
('30000000-0000-4000-8000-000000000002', '10000000-0000-4000-8000-000000000002', 'BUS0002', 'Volvo B8R', 32, '{"wifi": true, "ac": true, "usb_ports": false, "restroom": true}'),
('30000000-0000-4000-8000-000000000003', '10000000-0000-4000-8000-000000000003', 'BUS0003', 'Scania Citywide', 45, '{"wifi": false, "ac": true, "usb_ports": true, "restroom": true}'),
('30000000-0000-4000-8000-000000000004', '10000000-0000-4000-8000-000000000004', 'BUS0004', 'MAN Lions City', 55, '{"wifi": true, "ac": false, "usb_ports": true, "restroom": false}'),
('30000000-0000-4000-8000-000000000005', '10000000-0000-4000-8000-000000000005', 'BUS0005', 'Iveco Daily', 24, '{"wifi": false, "ac": true, "usb_ports": false, "restroom": false}'),
('30000000-0000-4000-8000-000000000006', '10000000-0000-4000-8000-000000000006', 'BUS0006', 'Ford Transit', 32, '{"wifi": true, "ac": true, "usb_ports": true, "restroom": true}'),
('30000000-0000-4000-8000-000000000007', '10000000-0000-4000-8000-000000000007', 'BUS0007', 'Mercedes Tourismo', 45, '{"wifi": true, "ac": true, "usb_ports": false, "restroom": true}'),
('30000000-0000-4000-8000-000000000008', '10000000-0000-4000-8000-000000000008', 'BUS0008', 'Setra S 416', 55, '{"wifi": false, "ac": true, "usb_ports": true, "restroom": true}'),
('30000000-0000-4000-8000-000000000009', '10000000-0000-4000-8000-000000000009', 'BUS0009', 'Neoplan Skyliner', 24, '{"wifi": true, "ac": false, "usb_ports": true, "restroom": false}'),
('30000000-0000-4000-8000-000000000010', '10000000-0000-4000-8000-000000000010', 'BUS0010', 'Van Hool EX', 32, '{"wifi": false, "ac": true, "usb_ports": false, "restroom": true}'),
('30000000-0000-4000-8000-000000000011', '10000000-0000-4000-8000-000000000001', 'BUS0011', 'Mercedes Sprinter', 45, '{"wifi": true, "ac": true, "usb_ports": true, "restroom": false}'),
('30000000-0000-4000-8000-000000000012', '10000000-0000-4000-8000-000000000002', 'BUS0012', 'Volvo B8R', 55, '{"wifi": false, "ac": true, "usb_ports": true, "restroom": true}'),
('30000000-0000-4000-8000-000000000013', '10000000-0000-4000-8000-000000000003', 'BUS0013', 'Scania Citywide', 24, '{"wifi": true, "ac": false, "usb_ports": false, "restroom": false}'),
('30000000-0000-4000-8000-000000000014', '10000000-0000-4000-8000-000000000004', 'BUS0014', 'MAN Lions City', 32, '{"wifi": true, "ac": true, "usb_ports": true, "restroom": true}'),
('30000000-0000-4000-8000-000000000015', '10000000-0000-4000-8000-000000000005', 'BUS0015', 'Iveco Daily', 45, '{"wifi": false, "ac": true, "usb_ports": false, "restroom": true}'),
('30000000-0000-4000-8000-000000000016', '10000000-0000-4000-8000-000000000006', 'BUS0016', 'Ford Transit', 55, '{"wifi": true, "ac": false, "usb_ports": true, "restroom": false}'),
('30000000-0000-4000-8000-000000000017', '10000000-0000-4000-8000-000000000007', 'BUS0017', 'Mercedes Tourismo', 24, '{"wifi": false, "ac": true, "usb_ports": true, "restroom": true}'),
('30000000-0000-4000-8000-000000000018', '10000000-0000-4000-8000-000000000008', 'BUS0018', 'Setra S 416', 32, '{"wifi": true, "ac": true, "usb_ports": false, "restroom": false}'),
('30000000-0000-4000-8000-000000000019', '10000000-0000-4000-8000-000000000009', 'BUS0019', 'Neoplan Skyliner', 45, '{"wifi": true, "ac": true, "usb_ports": true, "restroom": true}'),
('30000000-0000-4000-8000-000000000020', '10000000-0000-4000-8000-000000000010', 'BUS0020', 'Van Hool EX', 55, '{"wifi": false, "ac": false, "usb_ports": false, "restroom": true}'),
('30000000-0000-4000-8000-000000000021', '10000000-0000-4000-8000-000000000011', 'BUS0021', 'Mercedes Sprinter', 24, '{"wifi": true, "ac": true, "usb_ports": true, "restroom": false}'),
('30000000-0000-4000-8000-000000000022', '10000000-0000-4000-8000-000000000012', 'BUS0022', 'Volvo B8R', 32, '{"wifi": true, "ac": false, "usb_ports": true, "restroom": true}'),
('30000000-0000-4000-8000-000000000023', '10000000-0000-4000-8000-000000000013', 'BUS0023', 'Scania Citywide', 45, '{"wifi": false, "ac": true, "usb_ports": false, "restroom": false}'),
('30000000-0000-4000-8000-000000000024', '10000000-0000-4000-8000-000000000014', 'BUS0024', 'MAN Lions City', 55, '{"wifi": true, "ac": true, "usb_ports": true, "restroom": true}'),
('30000000-0000-4000-8000-000000000025', '10000000-0000-4000-8000-000000000015', 'BUS0025', 'Iveco Daily', 24, '{"wifi": false, "ac": false, "usb_ports": true, "restroom": false}'),
('30000000-0000-4000-8000-000000000026', '10000000-0000-4000-8000-000000000001', 'BUS0026', 'Ford Transit', 32, '{"wifi": true, "ac": true, "usb_ports": false, "restroom": true}'),
('30000000-0000-4000-8000-000000000027', '10000000-0000-4000-8000-000000000002', 'BUS0027', 'Mercedes Tourismo', 45, '{"wifi": true, "ac": true, "usb_ports": true, "restroom": false}'),
('30000000-0000-4000-8000-000000000028', '10000000-0000-4000-8000-000000000003', 'BUS0028', 'Setra S 416', 55, '{"wifi": false, "ac": true, "usb_ports": true, "restroom": true}'),
('30000000-0000-4000-8000-000000000029', '10000000-0000-4000-8000-000000000004', 'BUS0029', 'Neoplan Skyliner', 24, '{"wifi": true, "ac": false, "usb_ports": false, "restroom": false}'),
('30000000-0000-4000-8000-000000000030', '10000000-0000-4000-8000-000000000005', 'BUS0030', 'Van Hool EX', 32, '{"wifi": false, "ac": true, "usb_ports": true, "restroom": true}'),
('30000000-0000-4000-8000-000000000031', '10000000-0000-4000-8000-000000000006', 'BUS0031', 'Mercedes Sprinter', 45, '{"wifi": true, "ac": true, "usb_ports": false, "restroom": false}'),
('30000000-0000-4000-8000-000000000032', '10000000-0000-4000-8000-000000000007', 'BUS0032', 'Volvo B8R', 55, '{"wifi": true, "ac": false, "usb_ports": true, "restroom": true}'),
('30000000-0000-4000-8000-000000000033', '10000000-0000-4000-8000-000000000008', 'BUS0033', 'Scania Citywide', 24, '{"wifi": false, "ac": true, "usb_ports": false, "restroom": false}'),
('30000000-0000-4000-8000-000000000034', '10000000-0000-4000-8000-000000000009', 'BUS0034', 'MAN Lions City', 32, '{"wifi": true, "ac": true, "usb_ports": true, "restroom": true}'),
('30000000-0000-4000-8000-000000000035', '10000000-0000-4000-8000-000000000010', 'BUS0035', 'Iveco Daily', 45, '{"wifi": false, "ac": false, "usb_ports": true, "restroom": false}'),
('30000000-0000-4000-8000-000000000036', '10000000-0000-4000-8000-000000000011', 'BUS0036', 'Ford Transit', 55, '{"wifi": true, "ac": true, "usb_ports": false, "restroom": true}'),
('30000000-0000-4000-8000-000000000037', '10000000-0000-4000-8000-000000000012', 'BUS0037', 'Mercedes Tourismo', 24, '{"wifi": true, "ac": true, "usb_ports": true, "restroom": false}'),
('30000000-0000-4000-8000-000000000038', '10000000-0000-4000-8000-000000000013', 'BUS0038', 'Setra S 416', 32, '{"wifi": false, "ac": false, "usb_ports": true, "restroom": true}'),
('30000000-0000-4000-8000-000000000039', '10000000-0000-4000-8000-000000000014', 'BUS0039', 'Neoplan Skyliner', 45, '{"wifi": true, "ac": true, "usb_ports": false, "restroom": false}'),
('30000000-0000-4000-8000-000000000040', '10000000-0000-4000-8000-000000000015', 'BUS0040', 'Van Hool EX', 55, '{"wifi": false, "ac": true, "usb_ports": true, "restroom": true}');

-- Continue with remaining tables in next part...
-- (The SQL file would continue with seat_layouts, seats, trips, bookings, etc.)

-- To execute this script in PostgreSQL:
-- psql -h localhost -U postgres -d awad_bus_booking_user_login -f seed-database.sql